code,name,sector,yahoo,bars_4h,sessions,bars_per_session,history_days,first_utc,last_utc,missing_frac,thin_frac,thin_bars,zero_volume_frac_full_bars,zero_volume_frac_all_bars,full_bars,halt_or_limit_bars,halt_or_limit_frac,corporate_action_bars,corporate_action_marked_bars,corporate_action_events,corporate_action_events_all_history,max_adj_ratio_step,corporate_action_source,daily_rows,corporate_action_splits,gap_anomaly_bars,return_invalid_bars,non_tradable_bars,non_tradable_frac,avg_daily_turnover_try,avg_daily_volume_lots,avg_daily_turnover_last_session_try,qc_verdict,qc_errors,qc_warns,max_abs_return_valid,status,exclusion_reasons,round_trip_cost_bps
TRALT,Türk Altın İşletmeleri A.Ş.,madencilik/altın,TRALT.IS,403,203,2.0,296,2025-11-24 07:00:00+00:00,2026-09-16 07:00:00+00:00,0.054,0.0,0,0.0,0.0,403,3,0.0074,0,0,9,9,0.10369,daily adjclose/close ratio step,4257,0,2,9,8,0.0199,5051458163.0,101228912.0,2799175157.0,AMBER (insufficient history),0,12,0.1026,EXCLUDED,"['bar sayısı 403 < 800', 'geçmiş 296 gün < 300 gün']",120.0
DSTKF,Destek Finans Faktoring A.Ş.,faktoring,DSTKF.IS,797,401,2.0,587,2025-02-06 07:00:00+00:00,2026-09-16 07:00:00+00:00,0.0512,0.0,0,0.0,0.0,797,89,0.1117,0,0,0,0,0.0,daily adjclose/close ratio step,405,0,5,16,15,0.0188,1556451681.0,683358.0,48357792.0,RED,1,11,0.1466,EXCLUDED,"['bar sayısı 797 < 800', 'halt/marj bayrağı %11.2 > %5', '1 QC ERROR: 52 zero-range bars (high==low==open==close): 6.52% of data']",120.0
THYAO,Türk Hava Yolları A.O.,havacılık,THYAO.IS,1436,722,2.0,1055,2023-10-27 07:00:00+00:00,2026-09-16 07:00:00+00:00,0.0477,0.0,0,0.0,0.0,1436,0,0.0,4,6,4,4,0.06723,daily adjclose/close ratio step,6775,0,9,26,25,0.0216,12294037546.0,39061457.0,8136983292.0,AMBER,0,10,0.083,INCLUDED,[],120.0
ASELS,Aselsan Elektronik Sanayi ve Ticaret A.Ş.,elektronik/savunma,ASELS.IS,1436,722,2.0,1055,2023-10-27 07:00:00+00:00,2026-09-16 07:00:00+00:00,0.0477,0.0,0,0.0,0.0,1436,0,0.0,6,9,28,28,0.04194,daily adjclose/close ratio step,6775,0,9,26,25,0.0237,10741147983.0,28600586.0,5294063730.0,AMBER,0,10,0.0906,INCLUDED,[],120.0
AKBNK,Akbank T.A.Ş.,banka,AKBNK.IS,1436,722,2.0,1055,2023-10-27 07:00:00+00:00,2026-09-16 07:00:00+00:00,0.0477,0.0,0,0.0,0.0,1436,4,0.0028,6,9,21,21,1.00003,daily adjclose/close ratio step,6775,0,9,26,25,0.0237,8468014617.0,120673552.0,9869046342.0,AMBER,0,11,0.107,INCLUDED,[],120.0
ASTOR,Astor Enerji A.Ş.,elektrik ekipman,ASTOR.IS,1436,722,2.0,1055,2023-10-27 07:00:00+00:00,2026-09-16 07:00:00+00:00,0.0477,0.0,0,0.0,0.0,1436,3,0.0021,4,6,3,3,0.0138,daily adjclose/close ratio step,915,0,9,26,25,0.0216,7430296599.0,23893687.0,5916906819.0,AMBER,0,11,0.1011,INCLUDED,[],120.0
TUPRS,Tüpraş-Türkiye Petrol Rafinerileri A.Ş.,enerji/rafineri,TUPRS.IS,1436,722,2.0,1055,2023-10-27 07:00:00+00:00,2026-09-16 07:00:00+00:00,0.0477,0.0,0,0.0,0.0,1436,0,0.0,10,15,24,24,1.00016,daily adjclose/close ratio step,6775,0,9,26,25,0.0272,7322180208.0,22143428.0,4994078182.0,AMBER,0,10,0.0863,INCLUDED,[],120.0
YKBNK,Yapı ve Kredi Bankası A.Ş.,banka,YKBNK.IS,1436,722,2.0,1055,2023-10-27 07:00:00+00:00,2026-09-16 07:00:00+00:00,0.0477,0.0,0,0.0,0.0,1436,2,0.0014,2,3,7,7,0.09081,daily adjclose/close ratio step,6775,0,9,26,25,0.0195,6747055284.0,190741956.0,7994251183.0,AMBER,0,11,0.1084,INCLUDED,[],120.0
ISCTR,Türkiye İş Bankası A.Ş. (C),banka,ISCTR.IS,1435,722,2.0,1055,2023-10-27 07:00:00+00:00,2026-09-16 07:00:00+00:00,0.0484,0.0,0,0.0,0.0,1435,1,0.0007,6,9,17,17,0.07662,daily adjclose/close ratio step,4792,0,9,27,26,0.0237,6741923197.0,510457407.0,6800340955.0,AMBER,0,10,0.1065,INCLUDED,[],120.0
SASA,Sasa Polyester Sanayi A.Ş.,tekstil/kimya,SASA.IS,1436,722,2.0,1055,2023-10-27 07:00:00+00:00,2026-09-16 07:00:00+00:00,0.0477,0.0,0,0.0,0.0,1436,8,0.0056,0,0,2,2,0.06111,daily adjclose/close ratio step,6776,0,9,26,25,0.0174,6084157157.0,2406224588.0,11651296429.0,AMBER,0,11,0.1121,INCLUDED,[],120.0
EREGL,Ereğli Demir ve Çelik Fabrikaları T.A.Ş.,demir-çelik,EREGL.IS,1436,722,2.0,1055,2023-10-27 07:00:00+00:00,2026-09-16 07:00:00+00:00,0.0477,0.0,0,0.0,0.0,1436,0,0.0,6,9,23,23,1.0,daily adjclose/close ratio step,6776,0,9,26,25,0.0237,4776329005.0,120142023.0,3083693804.0,AMBER,0,10,0.0854,INCLUDED,[],120.0
KCHOL,Koç Holding A.Ş.,holding,KCHOL.IS,1436,722,2.0,1055,2023-10-27 07:00:00+00:00,2026-09-16 07:00:00+00:00,0.0477,0.0,0,0.0,0.0,1436,0,0.0,6,9,20,20,1.00117,daily adjclose/close ratio step,6775,0,9,26,25,0.023,4242411630.0,20612163.0,4328454615.0,AMBER,0,10,0.0991,INCLUDED,[],120.0
GARAN,Türkiye Garanti Bankası A.Ş.,banka,GARAN.IS,1436,722,2.0,1055,2023-10-27 07:00:00+00:00,2026-09-16 07:00:00+00:00,0.0477,0.0,0,0.0,0.0,1436,0,0.0,6,9,18,18,0.07635,daily adjclose/close ratio step,6775,0,9,26,25,0.023,3317212001.0,25399707.0,3494961492.0,AMBER,0,10,0.1077,INCLUDED,[],120.0
BIMAS,Bim Birleşik Mağazalar A.Ş.,perakende,BIMAS.IS,1436,722,2.0,1055,2023-10-27 07:00:00+00:00,2026-09-16 07:00:00+00:00,0.0477,0.0,0,0.0,0.0,1436,0,0.0,17,25,39,39,0.03142,daily adjclose/close ratio step,5421,0,9,26,25,0.0348,3078296498.0,7866057.0,3236301432.0,AMBER,0,10,0.1004,INCLUDED,[],120.0
SAHOL,Hacı Ömer Sabancı Holding A.Ş.,holding,SAHOL.IS,1436,722,2.0,1055,2023-10-27 07:00:00+00:00,2026-09-16 07:00:00+00:00,0.0477,0.0,0,0.0,0.0,1436,1,0.0007,6,9,24,24,1.00003,daily adjclose/close ratio step,6775,0,9,26,25,0.0223,2539549844.0,27868596.0,2120776433.0,AMBER,0,10,0.1101,INCLUDED,[],120.0
TCELL,Turkcell İletişim Hizmetleri A.Ş.,telekom,TCELL.IS,1436,722,2.0,1055,2023-10-27 07:00:00+00:00,2026-09-16 07:00:00+00:00,0.0477,0.0,0,0.0,0.0,1436,0,0.0,8,12,25,25,1.02516,daily adjclose/close ratio step,6730,0,9,26,25,0.0258,2475755733.0,23919799.0,1350637813.0,AMBER,0,10,0.1125,INCLUDED,[],120.0
EKGYO,Emlak Konut GYO A.Ş.,GYO,EKGYO.IS,1436,722,2.0,1055,2023-10-27 07:00:00+00:00,2026-09-16 07:00:00+00:00,0.0477,0.0,0,0.0,0.0,1436,4,0.0028,4,6,14,14,0.08147,daily adjclose/close ratio step,4048,0,9,26,25,0.0216,2283198479.0,114879802.0,2350589917.0,AMBER,0,11,0.1087,INCLUDED,[],120.0
SISE,Türkiye Şişe ve Cam Fabrikaları A.Ş.,cam,SISE.IS,1435,722,2.0,1055,2023-10-27 07:00:00+00:00,2026-09-16 07:00:00+00:00,0.0484,0.0,0,0.0,0.0,1435,2,0.0014,6,9,19,19,1.00004,daily adjclose/close ratio step,6775,0,9,27,26,0.0237,2156006414.0,50686564.0,2271747230.0,AMBER,0,11,0.1142,INCLUDED,[],120.0
KRDMD,Kardemir Karabük Demir Çelik (D),demir-çelik,KRDMD.IS,1436,722,2.0,1055,2023-10-27 07:00:00+00:00,2026-09-16 07:00:00+00:00,0.0477,0.0,0,0.0,0.0,1436,1,0.0007,2,3,9,9,0.0683,daily adjclose/close ratio step,6775,0,9,26,25,0.0195,2022334187.0,47840309.0,1223440902.0,AMBER,0,10,0.0895,INCLUDED,[],120.0
TTKOM,Türk Telekomünikasyon A.Ş.,telekom,TTKOM.IS,1436,722,2.0,1055,2023-10-27 07:00:00+00:00,2026-09-16 07:00:00+00:00,0.0477,0.0,0,0.0,0.0,1436,3,0.0021,0,0,13,13,0.12829,daily adjclose/close ratio step,4696,0,9,26,25,0.0174,1780998979.0,31980900.0,1395651030.0,AMBER,0,11,0.0997,INCLUDED,[],120.0
PETKM,Petkim Petrokimya Holding A.Ş.,petrokimya,PETKM.IS,1436,722,2.0,1055,2023-10-27 07:00:00+00:00,2026-09-16 07:00:00+00:00,0.0477,0.0,0,0.0,0.0,1436,2,0.0014,0,0,5,5,0.08762,daily adjclose/close ratio step,6775,0,9,26,25,0.0174,1474979087.0,70580805.0,2320779617.0,AMBER,0,11,0.1168,INCLUDED,[],120.0
MGROS,Migros Ticaret A.Ş.,perakende,MGROS.IS,1436,722,2.0,1055,2023-10-27 07:00:00+00:00,2026-09-16 07:00:00+00:00,0.0477,0.0,0,0.0,0.0,1436,1,0.0007,10,15,12,12,3.04348,daily adjclose/close ratio step,6775,0,9,26,25,0.0279,1391861475.0,2363877.0,1116697042.0,AMBER,0,11,0.0933,INCLUDED,[],120.0
FROTO,Ford Otomotiv Sanayi A.Ş.,otomotiv,FROTO.IS,1436,722,2.0,1055,2023-10-27 07:00:00+00:00,2026-09-16 07:00:00+00:00,0.0477,0.0,0,0.0,0.0,1436,0,0.0,12,18,43,43,1.00006,daily adjclose/close ratio step,6776,0,9,26,25,0.0299,1384513128.0,17217451.0,1575620325.0,AMBER,0,10,0.0648,INCLUDED,[],120.0
VAKBN,Türkiye Vakıflar Bankası T.A.O.,banka,VAKBN.IS,1436,722,2.0,1055,2023-10-27 07:00:00+00:00,2026-09-16 07:00:00+00:00,0.0477,0.0,0,0.0,0.0,1436,5,0.0035,0,0,14,14,0.08699,daily adjclose/close ratio step,5332,0,9,26,25,0.0174,1364581771.0,41609076.0,1708466044.0,AMBER,0,11,0.1043,INCLUDED,[],120.0
PGSUS,Pegasus Hava Taşımacılığı A.Ş.,havacılık,PGSUS.IS,1436,722,2.0,1055,2023-10-27 07:00:00+00:00,2026-09-16 07:00:00+00:00,0.0477,0.0,0,0.0,0.0,1436,0,0.0,0,0,0,0,0.0,daily adjclose/close ratio step,3362,0,9,26,25,0.0174,1337639587.0,8401887.0,1022079058.0,AMBER,0,10,0.0895,INCLUDED,[],120.0
GUBRF,Gübre Fabrikaları T.A.Ş.,kimya/gübre,GUBRF.IS,1436,722,2.0,1055,2023-10-27 07:00:00+00:00,2026-09-16 07:00:00+00:00,0.0477,0.0,0,0.0,0.0,1436,24,0.0167,0,0,6,6,0.04988,daily adjclose/close ratio step,6775,0,9,26,25,0.0174,1095240314.0,2405855.0,140384125.0,AMBER,0,11,0.1053,INCLUDED,[],120.0
ENKAI,Enka İnşaat ve Sanayi A.Ş.,inşaat,ENKAI.IS,1436,722,2.0,1055,2023-10-27 07:00:00+00:00,2026-09-16 07:00:00+00:00,0.0477,0.0,0,0.0,0.0,1436,2,0.0014,14,21,26,26,1.00013,daily adjclose/close ratio step,6197,0,9,26,25,0.032,961765469.0,10994707.0,598123125.0,AMBER,0,10,0.087,INCLUDED,[],120.0
TOASO,Tofaş Türk Otomobil Fabrikası A.Ş.,otomotiv,TOASO.IS,1436,722,2.0,1055,2023-10-27 07:00:00+00:00,2026-09-16 07:00:00+00:00,0.0477,0.0,0,0.0,0.0,1436,1,0.0007,6,9,23,23,0.15267,daily adjclose/close ratio step,6775,0,9,26,25,0.023,913687194.0,3210976.0,398009074.0,AMBER,0,10,0.1027,INCLUDED,[],120.0
TAVHL,TAV Havalimanları Holding A.Ş.,havacılık/havalimanı,TAVHL.IS,1436,722,2.0,1055,2023-10-27 07:00:00+00:00,2026-09-16 07:00:00+00:00,0.0477,0.0,0,0.0,0.0,1436,0,0.0,2,3,10,10,0.08684,daily adjclose/close ratio step,5007,0,9,26,25,0.0195,734721123.0,2693735.0,614979618.0,AMBER,0,10,0.0861,INCLUDED,[],120.0
AEFES,Anadolu Efes Biracılık ve Malt Sanayii A.Ş.,içecek,AEFES.IS,1436,722,2.0,1055,2023-10-27 07:00:00+00:00,2026-09-16 07:00:00+00:00,0.0477,0.0,0,0.0,0.0,1436,5,0.0035,6,9,24,24,1.00002,daily adjclose/close ratio step,6776,0,9,26,25,0.0237,729351764.0,36450122.0,584146269.0,AMBER,0,11,0.1598,INCLUDED,[],120.0
