direction,signal_bar,signal_timestamp_utc,entry_bar,entry_timestamp_utc,entry_price,stop_price,tp_price,exit_bar,exit_timestamp_utc,exit_price,exit_reason,bars_held,units,notional_entry,notional_exit,cost_entry,cost_exit,cost_total,gross_pnl,net_pnl,r_multiple,equity_before,equity_after,return_frac,atr_at_entry,stop_distance_atr
long,510,2024-08-26 06:00:00+00:00,511,2024-08-26 10:00:00+00:00,30.155000686645508,28.49085301793212,35.14744369278567,542,2024-09-03 10:00:00+00:00,28.49085301793212,stop,31,300.45410596679096,9060.193771734044,8560.193771734044,9.060193771734044,8.560193771734044,17.620387543468087,-500.00000000000006,-517.6203875434682,-1.0,100000.0,99482.37961245653,-0.005176203875434681,0.3041470583618229,5.471523143037157
long,587,2024-09-12 22:00:00+00:00,588,2024-09-13 02:00:00+00:00,30.295000076293945,28.063702027250077,36.98889422342555,678,2024-10-04 02:00:00+00:00,32.505001068115234,time_stop,90,222.92490161743663,6753.509911508063,7246.174165184261,6.753509911508063,7.246174165184262,13.999684076692326,492.66425367619826,478.66456959950597,0.9904553059454764,99482.37961245653,99961.04418205604,0.004811551266306569,0.32629736239836193,6.838235015579978
long,727,2024-10-16 06:00:00+00:00,728,2024-10-16 10:00:00+00:00,32.09000015258789,30.615561732560572,36.51331541266985,818,2024-11-06 11:00:00+00:00,31.09000015258789,time_stop,90,338.98005784535894,10877.87010798182,10538.890050136462,10.87787010798182,10.538890050136462,21.416760158118283,-338.98005784535894,-360.3968180034772,-0.6782243235234413,99961.04418205604,99600.64736405257,-0.00360537268245315,0.33443903037888256,4.40869122948043
short,836,2024-11-11 11:00:00+00:00,837,2024-11-11 15:00:00+00:00,30.71500015258789,32.681418824302924,24.815744137442792,927,2024-12-03 23:00:00+00:00,31.5049991607666,time_stop,90,254.26935127905375,7809.88316333456,8010.755698655256,7.80988316333456,8.010755698655256,15.820638861989817,-200.8725353206967,-216.6931741826865,-0.4017450706413934,99600.64736405257,99383.95418986988,-0.002166931741826865,0.4164194346544871,4.722206765749577
long,947,2024-12-09 07:00:00+00:00,948,2024-12-09 11:00:00+00:00,32.185001373291016,30.598957706865882,36.94313237256642,972,2024-12-13 11:00:00+00:00,30.598957706865882,stop,24,313.9908738721792,10105.796706776933,9607.79346995667,10.105796706776934,9.60779346995667,19.713590176733604,-498.0032368202628,-517.7168269969964,-1.0,99383.95418986988,98866.23736287288,-0.005197926325766518,0.4810422168401741,3.297098697165067
short,992,2024-12-18 19:00:00+00:00,993,2024-12-18 23:00:00+00:00,29.8799991607666,31.41306944281209,25.280788314630133,1076,2025-01-10 11:00:00+00:00,31.41306944281209,stop,83,325.43617860977014,9724.032743743022,10222.949277872109,9.724032743743022,10.22294927787211,19.94698202161513,-498.91653412908664,-518.8635161507018,-1.0,98866.23736287288,98347.37384672218,-0.00519990299636426,0.3680693665181464,4.165166736226897
long,1076,2025-01-10 11:00:00+00:00,1077,2025-01-10 15:00:00+00:00,31.55500030517578,30.145924169558644,35.78222871202719,1087,2025-01-14 07:00:00+00:00,30.145924169558644,stop,10,351.58827842066853,11094.368232860423,10598.953580175144,11.094368232860424,10.598953580175145,21.693321813035567,-495.41465268527793,-517.1079744983135,-1.0,98347.37384672218,97830.26587222387,-0.005218941059730997,0.30907575414741056,4.5589992638021455
long,1155,2025-01-30 11:00:00+00:00,1156,2025-01-30 15:00:00+00:00,32.525001525878906,30.42209443262708,38.83372280563438,1246,2025-02-21 11:00:00+00:00,33.26499938964844,time_stop,90,234.35610369771544,7622.43263036723,7795.85564646489,7.622432630367229,7.79585564646489,15.418288276832119,173.42301609766017,158.00472782082804,0.35189279932725753,97830.26587222387,97988.27060004469,0.0016030376829711578,0.33290472813952154,6.316843575650539
long,1296,2025-03-05 19:00:00+00:00,1297,2025-03-05 23:00:00+00:00,33.23500061035156,31.26004101902722,39.15987938432459,1387,2025-03-26 22:00:00+00:00,34.220001220703125,time_stop,90,249.93885374681804,8306.717956826067,8552.907880317252,8.306717956826068,8.552907880317253,16.85962583714332,246.18992349118568,229.33029765404234,0.4987446906146843,97988.27060004469,98217.60089769874,0.002322947802454105,0.5099594387364532,3.8727777962454786
long,1390,2025-03-27 10:00:00+00:00,1391,2025-03-27 14:00:00+00:00,34.63999938964844,33.71648283457186,37.41054905487816,1417,2025-04-02 22:00:00+00:00,33.71648283457186,stop,26,535.7411139198654,18558.07185919371,18063.30607125355,18.55807185919371,18.063306071253553,36.62137793044727,-494.7657879401606,-531.3871658706079,-1.0,98217.60089769874,97686.21373182813,-0.005370088017634684,0.27851609731290017,3.315846243669878
long,1499,2025-04-23 14:00:00+00:00,1500,2025-04-23 18:00:00+00:00,33.53499984741211,31.59556540322122,39.35330317998478,1590,2025-05-14 18:00:00+00:00,32.38999938964844,time_stop,90,253.738327472115,8509.11477305998,8218.58427195222,8.50911477305998,8.21858427195222,16.7276990450122,-290.53050110776013,-307.25820015277236,-0.5903785308099716,97686.21373182813,97378.95553167535,-0.003121851993058513,0.45443383383932906,4.267803802822927
long,1622,2025-05-22 02:00:00+00:00,1623,2025-05-22 06:00:00+00:00,33.79999923706055,31.96770001343976,39.29689690792291,1713,2025-06-12 06:00:00+00:00,36.07500076293945,time_stop,90,267.73605248853875,9049.478369846212,9658.578297790433,9.049478369846213,9.658578297790433,18.708056667636647,609.0999279442206,590.391871276584,1.2416102656984704,97378.95553167535,97969.34740295194,0.006017375594149355,0.2673005969118033,6.854826531589676
long,1732,2025-06-17 10:00:00+00:00,1733,2025-06-17 14:00:00+00:00,37.17499923706055,35.79829162572027,41.305122071081385,1748,2025-06-20 02:00:00+00:00,35.79829162572027,stop,15,358.48172582263925,13326.557883956762,12833.033363490336,13.326557883956763,12.833033363490337,26.1595912474471,-493.5245204664266,-519.6841117138737,-1.0,97969.34740295194,97449.66329123807,-0.00526502828291818,0.3267083742797305,4.213873043124174
long,1773,2025-06-26 06:00:00+00:00,1774,2025-06-26 10:00:00+00:00,36.584999084472656,35.330754399817124,40.34773313843925,1864,2025-07-18 06:00:00+00:00,38.744998931884766,time_stop,90,391.41174438597363,14319.798310012691,15165.247618161702,14.319798310012692,15.165247618161702,29.485045928174394,845.4493081490106,815.9642622208361,1.7221518845864874,97449.66329123807,98265.62755345891,0.00831045917475141,0.29924666829810864,4.191340514461659
long,1864,2025-07-18 06:00:00+00:00,1865,2025-07-18 10:00:00+00:00,38.7400016784668,37.37017690094262,42.849476011039336,1915,2025-07-30 18:00:00+00:00,37.37017690094262,stop,50,361.36440904042837,13999.257812764357,13504.251891545397,13.999257812764357,13.504251891545398,27.503509704309757,-495.0059212189614,-522.5094309232712,-1.0,98265.62755345891,97743.11812253564,-0.005277809906158111,0.31482447234840016,4.351074639484393
long,1944,2025-08-06 14:00:00+00:00,1945,2025-08-06 18:00:00+00:00,37.96500015258789,37.06818070175999,40.655458505071586,2002,2025-08-20 06:00:00+00:00,37.06818070175999,stop,57,549.0440395887852,20844.4570467657,20352.063672701355,20.8444570467657,20.352063672701355,41.19652071946706,-492.3933740643452,-533.5898947838123,-1.0,97743.11812253564,97209.52822775183,-0.005418329357068924,0.2568200611794579,3.492014785407394
long,2016,2025-08-22 14:00:00+00:00,2017,2025-08-22 18:00:00+00:00,39.03499984741211,37.208076177213584,44.515770858007684,2107,2025-09-15 22:00:00+00:00,43.16999816894531,time_stop,90,268.06014535747374,10463.727733126256,11572.155984249355,10.463727733126255,11.572155984249356,22.03588371737561,1108.4282511231004,1086.3923674057248,2.263366767306632,97209.52822775183,98295.92059515756,0.011091851809759638,0.3119242805500867,5.856946009386307
long,2110,2025-09-16 10:00:00+00:00,2111,2025-09-16 14:00:00+00:00,43.255001068115234,42.15088513981707,46.567348853009726,2114,2025-09-17 02:00:00+00:00,42.15088513981707,stop,3,448.46503318783624,19398.355489552192,18903.198103124734,19.39835548955219,18.903198103124733,38.301553592676925,-495.1573864274547,-533.4589400201316,-1.0,98295.92059515756,97762.46165513742,-0.005386761408014343,0.319116080886057,3.4599194287936794
long,2139,2025-09-23 06:00:00+00:00,2140,2025-09-23 10:00:00+00:00,44.52000045776367,41.04303708174346,54.9508905858243,2230,2025-10-14 18:00:00+00:00,50.345001220703125,time_stop,90,141.64373864963358,6305.979309521044,7131.054195220757,6.305979309521044,7.131054195220757,13.437033504741802,825.0748856997121,811.6378521949704,1.6753126602118107,97762.46165513742,98574.09950733239,0.008240143972726854,0.43696246049286463,7.957121470110784
long,2301,2025-10-30 14:00:00+00:00,2302,2025-10-30 18:00:00+00:00,48.625,46.30334006369494,55.58997980891518,2392,2025-11-20 19:00:00+00:00,50.35499954223633,time_stop,90,213.87640507704552,10399.740196871338,10769.74627974978,10.399740196871338,10.76974627974978,21.169486476621117,370.0060828784402,348.8365964018191,0.7451563061339791,98574.09950733239,98922.9361037342,0.003512615084554269,0.7266587156019373,3.1949798254079744
long,2411,2025-11-25 23:00:00+00:00,2412,2025-11-26 03:00:00+00:00,52.30500030517578,47.06606742098815,68.02179895773868,2502,2025-12-18 11:00:00+00:00,65.57499694824219,time_stop,90,95.11335132280566,4974.903869965641,6237.057722730068,4.974903869965641,6.237057722730069,11.21196159269571,1262.1538527644268,1250.9418911717312,2.5329579394151938,98922.9361037342,100173.87799490594,0.012552285872481072,0.983931816072398,5.324487732391968
long,2511,2025-12-21 23:00:00+00:00,2512,2025-12-22 03:00:00+00:00,69.01499938964844,63.36073764435372,85.97778462553259,2589,2026-01-12 15:00:00+00:00,85.97778462553259,take_profit,77,89.23307695227646,6158.420751397812,7672.062271676402,6.158420751397812,7.672062271676402,13.830483023074214,1513.64152027859,1499.8110372555157,3.0,100173.87799490594,101673.68903216145,0.014862941626159984,1.1042586935369028,5.120414064556115
long,2602,2026-01-14 19:00:00+00:00,2603,2026-01-14 23:00:00+00:00,93.4000015258789,81.22408132934076,129.92776211549335,2668,2026-02-02 15:00:00+00:00,78.71499633789062,stop,65,42.054006625146826,3927.8442829580354,3310.2809774920606,3.9278442829580356,3.3102809774920607,7.238125260450096,-617.5633054659747,-624.8014307264249,-1.2060694346669192,101673.68903216145,101048.88760143502,-0.0061010256087569575,2.1309220275928342,5.713921034592007
short,2716,2026-02-12 15:00:00+00:00,2717,2026-02-12 19:00:00+00:00,76.03500366210938,89.2056345613681,36.5231109643332,2761,2026-02-24 23:00:00+00:00,89.2056345613681,stop,44,37.68401228040391,2865.304011743486,3361.626228291819,2.8653040117434863,3.3616262282918195,6.226930240035306,-496.322216548333,-502.5491467883683,-1.0,101048.88760143502,100546.33845464666,-0.005062730722426052,3.0856318147860713,4.2683740931585685
long,2761,2026-02-24 23:00:00+00:00,2762,2026-02-25 03:00:00+00:00,89.44499969482422,82.50140167636476,110.27579375020258,2787,2026-03-03 07:00:00+00:00,82.50140167636476,stop,25,73.29373332181382,6555.757954602164,6046.835733143323,6.555757954602164,6.046835733143323,12.602593687745486,-508.9222214588421,-521.5248151465876,-1.0,100546.33845464666,100024.81363950006,-0.005123816500403734,2.103601680568835,3.300814066939629
short,2841,2026-03-16 06:00:00+00:00,2842,2026-03-16 10:00:00+00:00,77.8949966430664,90.01044893305328,41.548639773105776,2932,2026-04-07 10:00:00+00:00,71.31999969482422,time_stop,90,40.758649284807355,3174.89484921599,2906.906854553908,3.1748948492159896,2.9069068545539083,6.081801703769898,267.987994662082,261.9061929583121,0.5426951293990288,100024.81363950006,100286.71983245837,0.002651895198834239,2.3154492382290655,5.232441329291757
long,2980,2026-04-17 10:00:00+00:00,2981,2026-04-17 14:00:00+00:00,82.55000305175781,76.86915979349186,99.59253282655567,2993,2026-04-21 14:00:00+00:00,76.86915979349186,stop,12,89.12666207545726,7357.406226321984,6851.091628938875,7.357406226321984,6.8510916289388755,14.208497855260859,-506.3145973831091,-520.52309523837,-1.0,100286.71983245837,99766.19673722,-0.005140312939116289,1.4358405116839263,3.956458403310802
short,3020,2026-04-28 02:00:00+00:00,3021,2026-04-28 06:00:00+00:00,73.37000274658203,77.95209280909161,59.623732559053295,3058,2026-05-06 10:00:00+00:00,77.95209280909161,stop,37,108.05527499998759,7928.015823531766,8423.134825310948,7.928015823531766,8.423134825310948,16.35115064884271,-495.11900177918284,-511.4701524280256,-1.0,99766.19673722,99254.72658479198,-0.005165123440931229,1.2870918935642646,3.5600333475962453
long,3076,2026-05-11 10:00:00+00:00,3077,2026-05-11 14:00:00+00:00,86.36000061035156,75.45264574021056,119.08206522077458,3103,2026-05-17 22:00:00+00:00,75.45264574021056,stop,26,46.18094743445396,3988.186648626058,3484.4746667191403,3.988186648626058,3.4844746667191404,7.472661315345198,-503.71198190691723,-511.1846432222625,-1.0,99254.72658479198,98743.54194156971,-0.005074175933705764,1.8503556635980443,5.89473423121882
short,3144,2026-05-27 22:00:00+00:00,3145,2026-05-28 02:00:00+00:00,73.38500213623047,79.2318244892352,55.84453507721629,3235,2026-06-18 02:00:00+00:00,68.875,time_stop,90,84.24433329394925,6182.270578741777,5802.3284556207545,6.182270578741777,5.802328455620755,11.984599034362532,379.94212312102275,367.9575240866602,0.771359528977778,98743.54194156971,99111.49946565636,0.003735141817546093,1.3318229633562828,4.390089759580615
short,3238,2026-06-18 14:00:00+00:00,3239,2026-06-18 18:00:00+00:00,66.22000122070312,73.10484090161232,45.56548217797554,3329,2026-07-13 02:00:00+00:00,58.380001068115234,time_stop,90,71.81015993856614,4755.268878790736,4192.2772139150175,4.755268878790736,4.192277213915018,8.947546092705753,562.9916648757194,554.0441187830137,1.1387338726749494,99111.49946565636,99665.54358443938,0.005603180689662912,1.4548393757334113,4.732371006550755
short,3349,2026-07-16 10:00:00+00:00,3350,2026-07-16 14:00:00+00:00,55.98500061035156,61.01933460208254,40.88199863515864,3374,2026-07-22 14:00:00+00:00,61.01933460208254,stop,24,98.75619298362177,5528.865524464061,6026.037183695453,5.528865524464061,6.026037183695453,11.554902708159513,-497.1716592313911,-508.7265619395506,-1.0,99665.54358443938,99156.81702249983,-0.00511620636950649,0.9793336865551934,5.140570635775071
long,3444,2026-08-07 06:00:00+00:00,3445,2026-08-07 10:00:00+00:00,64.73999786376953,60.15751550405171,78.48744494292299,3535,2026-08-28 10:00:00+00:00,71.51499938964844,time_stop,90,109.36344525757559,7080.18921234992,7821.126720845369,7.080189212349921,7.82112672084537,14.90131593319529,740.9375084954488,726.0361925622536,1.4784566516686153,99156.81702249983,99882.85321506209,0.007243613840157026,0.9624834278330575,4.761102609355943
long,3577,2026-09-09 14:00:00+00:00,3578,2026-09-09 18:00:00+00:00,68.56500244140625,65.08088992226779,79.01733999882164,3582,2026-09-10 10:00:00+00:00,65.08088992226779,stop,4,144.882301269202,9933.855340239392,9429.069100585773,9.933855340239392,9.429069100585773,19.362924440825164,-504.7862396536172,-524.1491640944424,-1.0,99882.85321506209,99358.70405096764,-0.005191793306946244,1.0491073311501777,3.3210258051658963
